Residue,Conservation
1,0.61970
2,0.65838
3,0.71927
4,0.74279
5,0.73004
6,0.74378
7,0.68946
8,0.64081
9,0.59054
10,0.54742
11,0.60965
12,0.69383
13,0.67435
14,0.68418
15,0.55969
16,0.50648
17,0.52534
18,0.50083
19,0.49240
20,0.47310
21,0.52854
22,0.51094
23,0.58799
24,0.66750
25,0.63548
26,0.64271
27,0.70767
28,0.67126
29,0.63120
30,0.65360
31,0.65431
32,0.63033
33,0.59923
34,0.54350
35,0.52223
36,0.66177
37,0.69874
38,0.73496
39,0.71499
40,0.70248
41,0.69546
42,0.70573
43,0.65683
44,0.66238
45,0.56026
46,0.52478
47,0.42796
48,0.41791
49,0.56875
50,0.62326
51,0.65121
52,0.69629
53,0.65510
54,0.64843
55,0.63184
56,0.65363
57,0.70067
58,0.65339
59,0.56349
60,0.57381
61,0.50685
62,0.54134
63,0.53546
64,0.49678
65,0.60756
66,0.63722
67,0.68279
68,0.71356
69,0.70467
70,0.72897
71,0.72612
72,0.69610
73,0.69416
74,0.72552
75,0.70251
76,0.67593
77,0.69504
78,0.72178
79,0.72360
80,0.69293
81,0.61123
82,0.59896
83,0.43987
84,0.48211
85,0.48271
86,0.57100
87,0.63044
88,0.74223
89,0.72844
90,0.71578
91,0.76343
92,0.71083
93,0.74692
94,0.71086
95,0.76732
96,0.77205
97,0.73175
98,0.79362
99,0.74242
100,0.79735
101,0.77863
102,0.76658
103,0.80002
104,0.80824
105,0.81681
106,0.85110
107,0.78350
108,0.79292
109,0.77893
110,0.80437
111,0.79193
112,0.82657
113,0.80996
114,0.80304
115,0.80977
116,0.75526
117,0.77053
118,0.80443
119,0.76221
120,0.72616
121,0.75475
122,0.74631
123,0.72438
124,0.70236
125,0.72888
126,0.72318
127,0.77728
128,0.73963
129,0.74417
130,0.80182
131,0.77148
132,0.77773
133,0.80987
134,0.81786
135,0.81173
136,0.81600
137,0.84209
138,0.81408
139,0.81812
140,0.82903
141,0.85121
142,0.79688
143,0.83165
144,0.84035
145,0.82283
146,0.87457
147,0.79082
148,0.82708
149,0.83054
150,0.87656
151,0.89056
152,0.89513
153,0.86800
154,0.88678
155,0.86497
156,0.82749
157,0.89334
158,0.84422
159,0.81661
160,0.84997
161,0.80405
162,0.83310
163,0.84854
164,0.82071
165,0.85153
166,0.85337
167,0.86041
168,0.86208
169,0.88252
170,0.83160
171,0.84385
172,0.84773
173,0.80309
174,0.85607
175,0.80831
176,0.79154
177,0.77401
178,0.78984
179,0.80554
180,0.80296
181,0.75635
182,0.79708
183,0.77764
184,0.76103
185,0.79684
186,0.79120
187,0.78411
188,0.84800
189,0.81077
190,0.84766
191,0.82801
192,0.84783
193,0.81929
194,0.82264
195,0.82273
196,0.80430
197,0.75503
198,0.82569
199,0.82131
200,0.79274
201,0.84353
202,0.84811
203,0.80278
204,0.85940
205,0.83876
206,0.81167
207,0.85191
208,0.88118
209,0.84613
210,0.86252
211,0.88965
212,0.85085
213,0.84835
214,0.84763
215,0.82331
216,0.82260
217,0.83901
218,0.87503
219,0.83142
220,0.80629
221,0.80341
222,0.79880
223,0.82258
224,0.81382
225,0.82573
226,0.86404
227,0.82537
228,0.87637
229,0.84016
230,0.82729
231,0.82851
232,0.79232
233,0.77404
234,0.83568
235,0.81594
236,0.87925
237,0.87002
238,0.83796
239,0.83092
240,0.84961
241,0.80435
242,0.86024
243,0.80036
244,0.82149
245,0.80565
246,0.80424
247,0.82305
248,0.84188
249,0.80184
250,0.81736
251,0.85175
252,0.79964
253,0.80417
254,0.81514
255,0.81637
256,0.75477
257,0.77953
258,0.83332
259,0.77117
260,0.81164
261,0.84291
262,0.76888
263,0.83447
264,0.85251
265,0.80531
266,0.84725
267,0.83389
268,0.81455
269,0.88507
270,0.87828
271,0.81171
272,0.80077
273,0.78549
274,0.78146
275,0.75447
276,0.77933
277,0.79332
278,0.78844
279,0.79177
280,0.81632
281,0.76872
282,0.79944
283,0.78856
284,0.77557
285,0.80780
286,0.76005
287,0.79635
288,0.83935
289,0.80378
290,0.77211
291,0.79372
292,0.75034
293,0.74788
294,0.76429
295,0.76361
296,0.78176
297,0.79581
298,0.78553
299,0.75815
300,0.77863
301,0.76378
302,0.77402
303,0.77749
304,0.79736
305,0.79759
306,0.75832
307,0.75125
308,0.79440
309,0.76203
310,0.78401
311,0.81146
312,0.78539
313,0.80228
314,0.82267
315,0.79829
316,0.83733
317,0.80975
318,0.80373
319,0.83670
320,0.82515
321,0.86930
322,0.85252
323,0.88018
324,0.89251
325,0.86843
326,0.88753
327,0.86197
328,0.88636
329,0.86687
330,0.84997
331,0.85537
332,0.85615
333,0.85028
334,0.85654
335,0.85016
336,0.81318
337,0.81124
338,0.80873
339,0.78368
340,0.80753
341,0.84599
342,0.75125
343,0.81259
344,0.87974
345,0.83277
346,0.81752
347,0.87162
348,0.81789
349,0.82835
350,0.84759
351,0.79809
352,0.79218
353,0.83002
354,0.79713
355,0.81798
356,0.79340
357,0.76207
358,0.82396
359,0.83093
360,0.88364
361,0.82192
362,0.87464
363,0.87464
364,0.83577
365,0.84564
366,0.83517
367,0.81897
368,0.80378
369,0.82805
370,0.82623
371,0.81816
372,0.77736
373,0.59502
374,0.54782
375,0.52380
376,0.40535
377,0.41262
378,0.37023
379,0.37022
380,0.40128
381,0.45914
382,0.54948
383,0.68661
384,0.73815
385,0.79097
386,0.84102
387,0.85405
388,0.81305
389,0.84928
390,0.84681
391,0.78870
392,0.78575
393,0.78719
394,0.78346
395,0.82280
396,0.82550
397,0.79944
398,0.83378
399,0.80528
400,0.82181
401,0.81105
402,0.79364
403,0.79234
404,0.74404
405,0.81288
406,0.78816
407,0.68472
408,0.66353
409,0.60354
410,0.65380
411,0.67547
412,0.68641
413,0.75001
414,0.69041
415,0.68824
416,0.61419
417,0.41752
418,0.37653
419,0.33857
420,0.31154
421,0.33261
422,0.23592
423,0.23244
424,0.27089
425,0.31812
426,0.39539
427,0.37752
428,0.40771
429,0.40906
430,0.37813
431,0.38120
432,0.41429
433,0.45711
434,0.53396
435,0.75031
436,0.76496
437,0.79104
438,0.81378
439,0.79428
440,0.82063
441,0.77796
442,0.83206
443,0.81933
444,0.84624
445,0.84304
446,0.82763
447,0.82243
448,0.79558
449,0.70198
450,0.66265
451,0.67856
452,0.67806
453,0.76470
454,0.74590
455,0.80623
456,0.76045
457,0.80282
458,0.75991
459,0.70307
460,0.51958
461,0.51320
462,0.55339
463,0.63261
464,0.74819
465,0.79294
466,0.81409
467,0.84498
468,0.82421
469,0.79260
470,0.78636
471,0.77468
472,0.77842
473,0.71105
474,0.78308
475,0.76771
476,0.81098
477,0.84046
478,0.83284
479,0.84257
480,0.82904
481,0.85236
482,0.83295
483,0.83999
484,0.83860
485,0.82450
486,0.83764
487,0.76978
488,0.77072
489,0.78869
490,0.70855
491,0.81382
492,0.75318
493,0.82220
494,0.85722
495,0.79832
496,0.83207
497,0.82022
498,0.70973
499,0.76549
500,0.77879
501,0.76190
502,0.80566
503,0.82992
504,0.84095
505,0.86274
506,0.78213
507,0.70751
508,0.62932
509,0.59824
510,0.67193
511,0.74747
512,0.78220
513,0.80217
514,0.76074
515,0.74760
516,0.75322
517,0.63781
518,0.59993
519,0.65224
520,0.71512
521,0.71581
522,0.76492
523,0.84590
524,0.76275
525,0.85568
526,0.81577
527,0.81931
528,0.77401
529,0.73981
530,0.78351
531,0.81479
532,0.78477
533,0.81818
534,0.83474
535,0.77760
536,0.75804
537,0.80999
538,0.76296
539,0.77400
540,0.80950
541,0.82550
542,0.80048
543,0.79354
544,0.86626
545,0.77938
546,0.86202
547,0.84002
548,0.83488
549,0.78915
550,0.81625
551,0.80222
552,0.82888
553,0.84257
554,0.84028
555,0.85607
556,0.83927
557,0.83665
558,0.83903
559,0.81458
560,0.84883
561,0.85411
562,0.86988
563,0.85911
564,0.83841
565,0.88011
566,0.84738
567,0.83374
568,0.84894
569,0.84468
570,0.86378
571,0.86204
572,0.84569
573,0.82470
574,0.81734
575,0.87221
576,0.80738
577,0.83355
578,0.86693
579,0.79913
580,0.78338
581,0.83210
582,0.81029
583,0.82548
584,0.80103
585,0.74974
586,0.74901
587,0.64406
588,0.66296
589,0.70078
590,0.78494
591,0.85222
592,0.82961
593,0.82265
594,0.79464
595,0.79581
596,0.75567
597,0.67580
598,0.66703
599,0.70066
600,0.71874
601,0.80121
602,0.78879
603,0.80683
604,0.80612
605,0.63462
606,0.77249
607,0.69574
608,0.66474
609,0.70432
610,0.71386
611,0.65708
612,0.77115
613,0.71805
614,0.77089
615,0.78590
616,0.82801
617,0.84615
618,0.84275
619,0.88422
620,0.87769
621,0.81022
622,0.83746
623,0.79490
624,0.75039
625,0.81890
626,0.80865
627,0.82266
628,0.80592
629,0.83384
630,0.80001
631,0.70846
632,0.76364
633,0.77189
634,0.73121
635,0.71495
636,0.74626
637,0.70963
638,0.73671
639,0.74417
640,0.70391
641,0.72659
642,0.70343
643,0.70858
644,0.75633
645,0.70608
646,0.76508
647,0.74660
648,0.76628
649,0.71980
650,0.67970
651,0.71743
652,0.69726
653,0.62658
654,0.71308
655,0.71047
656,0.68449
657,0.71780
658,0.73906
659,0.73216
660,0.68716
661,0.59854
662,0.60503
663,0.51886
664,0.55157
665,0.58567
666,0.69463
667,0.73156
668,0.76551
669,0.77228
670,0.78021
671,0.78082
672,0.73827
673,0.73743
674,0.65522
675,0.64413
676,0.63492
677,0.57415
678,0.55321
679,0.50938
680,0.35257
681,0.47152
682,0.56888
683,0.57840
684,0.60209
685,0.65720
686,0.62997
687,0.59120
688,0.68721
689,0.60867
690,0.62360
691,0.68417
692,0.69459
693,0.59774
694,0.69098
695,0.68403
696,0.56848
697,0.66882
698,0.69566
699,0.65899
700,0.70111
701,0.67598
702,0.63064
703,0.65117
704,0.63333
705,0.53845
706,0.42804
707,0.33483
708,0.45186
709,0.47314
710,0.50582
711,0.56289
712,0.71446
713,0.71804
714,0.73266
715,0.75568
716,0.74417
717,0.72578
718,0.74612
719,0.67592
720,0.56963
721,0.52495
722,0.30845
723,0.42621
724,0.43604
725,0.54037
726,0.59040
727,0.58205
728,0.63708
729,0.68395
730,0.62876
731,0.72936
732,0.72778
733,0.65787
734,0.66628
735,0.67839
736,0.61778
737,0.60725
738,0.66095
739,0.65984
740,0.66588
741,0.71180
742,0.66137
743,0.72372
744,0.76479
745,0.73318
746,0.74910
747,0.67086
748,0.73760
749,0.70835
750,0.71329
751,0.70899
752,0.62458
753,0.62360
754,0.60727
755,0.62417
756,0.57099
757,0.61883
758,0.60271
759,0.59563
760,0.66625
761,0.58570
762,0.58460
763,0.53144
764,0.57581
765,0.50947
766,0.44810
767,0.43576
768,0.31124
769,0.44719
770,0.41838
771,0.36963
772,0.48446
773,0.39527
774,0.45784
775,0.46464
776,0.48966
777,0.53256
778,0.57115
779,0.54675
780,0.56080
781,0.57495
782,0.62359
783,0.61770
784,0.68221
785,0.71302
786,0.69935
787,0.71355
788,0.72628
789,0.72552
790,0.73600
791,0.73034
792,0.74211
793,0.75895
794,0.75029
795,0.78207
796,0.75249
797,0.74811
798,0.73425
799,0.73364
800,0.74535
801,0.76741
802,0.76956
803,0.78319
804,0.78461
805,0.79780
806,0.76669
807,0.77024
808,0.75023
809,0.77169
810,0.75459
811,0.70336
812,0.72413
813,0.67918
814,0.65035
815,0.67015
816,0.57812
817,0.66230
818,0.62224
819,0.61281
820,0.61274
821,0.65718
822,0.53493
823,0.47340
824,0.39541
825,0.52616
826,0.58713
827,0.68273
828,0.67071
829,0.72604
830,0.71679
831,0.77135
832,0.79156
833,0.79310
834,0.70398
835,0.61937
836,0.58794
837,0.57744
838,0.62442
839,0.68507
840,0.73743
841,0.71555
842,0.74628
843,0.73611
844,0.70781
845,0.73366
846,0.76451
847,0.68392
848,0.76061
849,0.71251
850,0.67492
851,0.67796
852,0.59805
853,0.52417
854,0.47339
855,0.51862
856,0.53656
857,0.61094
858,0.63367
859,0.62538
860,0.62220
861,0.61726
862,0.62613
863,0.60150
864,0.66308
865,0.59772
866,0.63029
867,0.77927
868,0.59610
869,0.64025
870,0.63782
871,0.53425
872,0.45264
