feature	protein_position	length	tot_synmis	mtr_obs	mtr_exp	mtr	fdr
ENST00000359125	1	873	15	0.533	0.731	0.73	0.429
ENST00000359125	2	873	15	0.533	0.739	0.722	0.33
ENST00000359125	3	873	15	0.533	0.747	0.714	0.316
ENST00000359125	4	873	17	0.529	0.753	0.703	0.253
ENST00000359125	5	873	17	0.529	0.742	0.713	0.273
ENST00000359125	6	873	17	0.529	0.749	0.707	0.261
ENST00000359125	7	873	17	0.529	0.744	0.711	0.269
ENST00000359125	8	873	17	0.529	0.741	0.715	0.276
ENST00000359125	9	873	18	0.5	0.747	0.669	0.192
ENST00000359125	10	873	18	0.5	0.744	0.672	0.198
ENST00000359125	11	873	21	0.476	0.741	0.643	0.123
ENST00000359125	12	873	22	0.455	0.733	0.62	0.094
ENST00000359125	13	873	22	0.455	0.739	0.615	0.088
ENST00000359125	14	873	26	0.5	0.737	0.679	0.132
ENST00000359125	15	873	27	0.519	0.734	0.706	0.151
ENST00000359125	16	873	27	0.519	0.732	0.709	0.155
ENST00000359125	17	873	27	0.519	0.73	0.711	0.197
ENST00000359125	18	873	26	0.538	0.737	0.731	0.195
ENST00000359125	19	873	25	0.52	0.731	0.712	0.184
ENST00000359125	20	873	26	0.538	0.724	0.743	0.254
ENST00000359125	21	873	26	0.538	0.722	0.746	0.258
ENST00000359125	22	873	26	0.538	0.729	0.739	0.249
ENST00000359125	23	873	27	0.556	0.722	0.77	0.334
ENST00000359125	24	873	26	0.5	0.722	0.693	0.151
ENST00000359125	25	873	24	0.5	0.718	0.696	0.182
ENST00000359125	26	873	25	0.48	0.714	0.672	0.142
ENST00000359125	27	873	25	0.48	0.713	0.673	0.144
ENST00000359125	28	873	25	0.48	0.713	0.673	0.144
ENST00000359125	29	873	25	0.44	0.713	0.617	0.094
ENST00000359125	30	873	24	0.458	0.713	0.643	0.125
ENST00000359125	31	873	22	0.455	0.712	0.639	0.15
ENST00000359125	32	873	21	0.429	0.712	0.602	0.1
ENST00000359125	33	873	22	0.409	0.705	0.58	0.076
ENST00000359125	34	873	22	0.409	0.705	0.58	0.076
ENST00000359125	35	873	22	0.409	0.699	0.585	0.083
ENST00000359125	36	873	22	0.409	0.703	0.582	0.079
ENST00000359125	37	873	22	0.409	0.704	0.581	0.077
ENST00000359125	38	873	23	0.435	0.708	0.614	0.116
ENST00000359125	39	873	25	0.44	0.708	0.622	0.097
ENST00000359125	40	873	24	0.458	0.708	0.648	0.131
ENST00000359125	41	873	24	0.458	0.714	0.642	0.125
ENST00000359125	42	873	21	0.476	0.714	0.667	0.195
ENST00000359125	43	873	21	0.524	0.717	0.73	0.277
ENST00000359125	44	873	22	0.5	0.71	0.704	0.225
ENST00000359125	45	873	22	0.455	0.71	0.64	0.151
ENST00000359125	46	873	22	0.409	0.71	0.576	0.071
ENST00000359125	47	873	24	0.458	0.71	0.645	0.128
ENST00000359125	48	873	24	0.458	0.71	0.645	0.128
ENST00000359125	49	873	25	0.48	0.703	0.683	0.192
ENST00000359125	50	873	26	0.5	0.703	0.711	0.21
ENST00000359125	51	873	25	0.48	0.709	0.677	0.149
ENST00000359125	52	873	26	0.5	0.713	0.702	0.198
ENST00000359125	53	873	27	0.519	0.705	0.735	0.274
ENST00000359125	54	873	26	0.5	0.712	0.703	0.199
ENST00000359125	55	873	25	0.52	0.712	0.731	0.252
ENST00000359125	56	873	25	0.52	0.723	0.72	0.24
ENST00000359125	57	873	26	0.538	0.726	0.741	0.252
ENST00000359125	58	873	26	0.538	0.73	0.738	0.248
ENST00000359125	59	873	25	0.52	0.735	0.707	0.176
ENST00000359125	60	873	26	0.538	0.735	0.732	0.243
ENST00000359125	61	873	26	0.538	0.742	0.726	0.186
ENST00000359125	62	873	29	0.552	0.732	0.754	0.225
ENST00000359125	63	873	29	0.552	0.738	0.748	0.215
ENST00000359125	64	873	29	0.552	0.745	0.74	0.207
ENST00000359125	65	873	30	0.533	0.746	0.715	0.126
ENST00000359125	66	873	28	0.536	0.746	0.718	0.15
ENST00000359125	67	873	29	0.517	0.752	0.688	0.107
ENST00000359125	68	873	30	0.5	0.752	0.665	0.061
ENST00000359125	69	873	30	0.467	0.748	0.624	0.037
ENST00000359125	70	873	29	0.483	0.744	0.648	0.058
ENST00000359125	71	873	29	0.483	0.743	0.649	0.059
ENST00000359125	72	873	29	0.483	0.733	0.658	0.084
ENST00000359125	73	873	29	0.483	0.733	0.658	0.084
ENST00000359125	74	873	28	0.464	0.733	0.633	0.058
ENST00000359125	75	873	27	0.481	0.733	0.657	0.101
ENST00000359125	76	873	23	0.478	0.743	0.644	0.101
ENST00000359125	77	873	22	0.5	0.743	0.673	0.142
ENST00000359125	78	873	20	0.45	0.75	0.6	0.075
ENST00000359125	79	873	20	0.45	0.754	0.597	0.07
ENST00000359125	80	873	19	0.421	0.759	0.554	0.047
ENST00000359125	81	873	19	0.368	0.767	0.48	0.016
ENST00000359125	82	873	20	0.4	0.76	0.526	0.027
ENST00000359125	83	873	20	0.4	0.766	0.522	0.024
ENST00000359125	84	873	18	0.389	0.766	0.508	0.029
ENST00000359125	85	873	18	0.389	0.767	0.507	0.028
ENST00000359125	86	873	19	0.368	0.767	0.48	0.016
ENST00000359125	87	873	20	0.35	0.756	0.463	0.012
ENST00000359125	88	873	18	0.333	0.756	0.441	0.014
ENST00000359125	89	873	19	0.368	0.756	0.488	0.021
ENST00000359125	90	873	19	0.368	0.75	0.491	0.024
ENST00000359125	91	873	17	0.353	0.757	0.467	0.024
ENST00000359125	92	873	19	0.316	0.75	0.421	0.009
ENST00000359125	93	873	17	0.294	0.754	0.39	0.009
ENST00000359125	94	873	18	0.278	0.743	0.374	0.006
ENST00000359125	95	873	17	0.294	0.736	0.4	0.013
ENST00000359125	96	873	16	0.312	0.729	0.429	0.027
ENST00000359125	97	873	16	0.312	0.736	0.425	0.024
ENST00000359125	98	873	15	0.333	0.731	0.456	0.045
ENST00000359125	99	873	15	0.333	0.723	0.461	0.05
ENST00000359125	100	873	15	0.4	0.727	0.55	0.107
ENST00000359125	101	873	16	0.375	0.737	0.509	0.059
ENST00000359125	102	873	17	0.412	0.737	0.559	0.081
ENST00000359125	103	873	18	0.444	0.746	0.596	0.093
ENST00000359125	104	873	18	0.444	0.753	0.59	0.084
ENST00000359125	105	873	18	0.444	0.759	0.585	0.075
ENST00000359125	106	873	18	0.444	0.767	0.58	0.066
ENST00000359125	107	873	20	0.4	0.757	0.529	0.03
ENST00000359125	108	873	21	0.429	0.763	0.562	0.036
ENST00000359125	109	873	21	0.429	0.756	0.567	0.042
ENST00000359125	110	873	22	0.455	0.752	0.605	0.08
ENST00000359125	111	873	22	0.455	0.746	0.609	0.083
ENST00000359125	112	873	21	0.476	0.744	0.64	0.118
ENST00000359125	113	873	22	0.455	0.748	0.608	0.082
ENST00000359125	114	873	21	0.429	0.739	0.58	0.078
ENST00000359125	115	873	21	0.429	0.745	0.575	0.052
ENST00000359125	116	873	22	0.409	0.742	0.552	0.035
ENST00000359125	117	873	21	0.429	0.742	0.578	0.056
ENST00000359125	118	873	21	0.429	0.745	0.575	0.052
ENST00000359125	119	873	22	0.409	0.749	0.546	0.03
ENST00000359125	120	873	23	0.435	0.742	0.586	0.062
ENST00000359125	121	873	22	0.455	0.742	0.613	0.087
ENST00000359125	122	873	23	0.435	0.743	0.586	0.061
ENST00000359125	123	873	22	0.455	0.743	0.612	0.086
ENST00000359125	124	873	23	0.435	0.743	0.586	0.061
ENST00000359125	125	873	22	0.455	0.753	0.604	0.08
ENST00000359125	126	873	23	0.435	0.758	0.573	0.033
ENST00000359125	127	873	25	0.44	0.766	0.574	0.023
ENST00000359125	128	873	27	0.481	0.758	0.635	0.056
ENST00000359125	129	873	27	0.481	0.755	0.638	0.059
ENST00000359125	130	873	26	0.5	0.758	0.659	0.08
ENST00000359125	131	873	25	0.48	0.764	0.628	0.066
ENST00000359125	132	873	24	0.458	0.758	0.605	0.045
ENST00000359125	133	873	24	0.417	0.751	0.555	0.024
ENST00000359125	134	873	24	0.375	0.745	0.503	0.012
ENST00000359125	135	873	26	0.385	0.745	0.516	0.01
ENST00000359125	136	873	26	0.385	0.745	0.516	0.01
ENST00000359125	137	873	27	0.37	0.744	0.498	0.006
ENST00000359125	138	873	25	0.4	0.742	0.539	0.019
ENST00000359125	139	873	24	0.375	0.741	0.506	0.013
ENST00000359125	140	873	26	0.423	0.741	0.571	0.036
ENST00000359125	141	873	26	0.385	0.741	0.519	0.012
ENST00000359125	142	873	26	0.385	0.75	0.513	0.009
ENST00000359125	143	873	26	0.385	0.748	0.514	0.009
ENST00000359125	144	873	25	0.36	0.744	0.484	0.007
ENST00000359125	145	873	25	0.36	0.744	0.484	0.007
ENST00000359125	146	873	25	0.36	0.738	0.488	0.009
ENST00000359125	147	873	24	0.417	0.741	0.563	0.031
ENST00000359125	148	873	24	0.417	0.748	0.557	0.026
ENST00000359125	149	873	23	0.435	0.748	0.581	0.042
ENST00000359125	150	873	24	0.5	0.741	0.675	0.155
ENST00000359125	151	873	22	0.455	0.747	0.608	0.083
ENST00000359125	152	873	24	0.458	0.747	0.613	0.067
ENST00000359125	153	873	23	0.478	0.747	0.64	0.095
ENST00000359125	154	873	22	0.5	0.754	0.663	0.125
ENST00000359125	155	873	20	0.5	0.754	0.663	0.151
ENST00000359125	156	873	20	0.5	0.751	0.666	0.155
ENST00000359125	157	873	19	0.526	0.753	0.699	0.211
ENST00000359125	158	873	18	0.556	0.749	0.742	0.362
ENST00000359125	159	873	17	0.529	0.76	0.696	0.241
ENST00000359125	160	873	17	0.529	0.764	0.693	0.236
ENST00000359125	161	873	17	0.529	0.76	0.696	0.241
ENST00000359125	162	873	19	0.526	0.755	0.697	0.208
ENST00000359125	163	873	18	0.556	0.755	0.736	0.283
ENST00000359125	164	873	18	0.556	0.755	0.736	0.283
ENST00000359125	165	873	18	0.611	0.758	0.806	0.465
ENST00000359125	166	873	16	0.625	0.752	0.831	0.563
ENST00000359125	167	873	16	0.625	0.745	0.838	0.573
ENST00000359125	168	873	15	0.667	0.735	0.907	0.819
ENST00000359125	169	873	16	0.625	0.739	0.846	0.694
ENST00000359125	170	873	18	0.556	0.734	0.757	0.379
ENST00000359125	171	873	16	0.5	0.734	0.682	0.254
ENST00000359125	172	873	15	0.533	0.734	0.727	0.342
ENST00000359125	173	873	16	0.5	0.731	0.684	0.259
ENST00000359125	174	873	16	0.5	0.727	0.688	0.265
ENST00000359125	175	873	16	0.5	0.735	0.681	0.253
ENST00000359125	176	873	17	0.529	0.738	0.717	0.353
ENST00000359125	177	873	17	0.529	0.745	0.71	0.267
ENST00000359125	178	873	16	0.5	0.739	0.676	0.245
ENST00000359125	179	873	17	0.471	0.732	0.643	0.188
ENST00000359125	180	873	17	0.471	0.732	0.643	0.188
ENST00000359125	181	873	17	0.412	0.736	0.56	0.083
ENST00000359125	182	873	17	0.412	0.729	0.565	0.091
ENST00000359125	183	873	15	0.4	0.726	0.551	0.109
ENST00000359125	184	873	16	0.375	0.726	0.517	0.07
ENST00000359125	185	873	16	0.375	0.716	0.524	0.081
ENST00000359125	186	873	17	0.353	0.716	0.493	0.052
ENST00000359125	187	873	17	0.353	0.719	0.491	0.049
ENST00000359125	188	873	18	0.333	0.709	0.47	0.037
ENST00000359125	189	873	17	0.294	0.711	0.414	0.023
ENST00000359125	190	873	16	0.25	0.704	0.355	0.016
ENST00000359125	191	873	16	0.25	0.7	0.357	0.017
ENST00000359125	192	873	16	0.25	0.697	0.359	0.018
ENST00000359125	193	873	14	0.214	0.704	0.304	0.015
ENST00000359125	194	873	15	0.2	0.708	0.283	0.008
ENST00000359125	195	873	14	0.214	0.708	0.303	0.014
ENST00000359125	196	873	13	0.154	0.715	0.215	0.006
ENST00000359125	197	873	13	0.154	0.722	0.213	0.005
ENST00000359125	198	873	14	0.143	0.718	0.199	0.003
ENST00000359125	199	873	14	0.143	0.718	0.199	0.003
ENST00000359125	200	873	13	0.154	0.717	0.214	0.006
ENST00000359125	201	873	11	0.182	0.717	0.253	0.02
ENST00000359125	202	873	12	0.167	0.717	0.232	0.011
ENST00000359125	203	873	12	0.167	0.726	0.229	0.009
ENST00000359125	204	873	12	0.167	0.726	0.229	0.009
ENST00000359125	205	873	12	0.167	0.723	0.231	0.01
ENST00000359125	206	873	11	0.182	0.712	0.255	0.022
ENST00000359125	207	873	11	0.091	0.712	0.128	0.005
ENST00000359125	208	873	11	0.091	0.704	0.129	0.006
ENST00000359125	209	873	11	0.091	0.704	0.129	0.006
ENST00000359125	210	873	10	0.1	0.704	0.142	0.011
ENST00000359125	211	873	10	0.1	0.71	0.141	0.01
ENST00000359125	212	873	9	0	0.71	0	0.003
ENST00000359125	213	873	10	0	0.717	0	0.001
ENST00000359125	214	873	10	0	0.728	0	0.001
ENST00000359125	215	873	9	0	0.727	0	0.002
ENST00000359125	216	873	9	0	0.737	0	0.002
ENST00000359125	217	873	8	0	0.733	0	0.004
ENST00000359125	218	873	8	0	0.726	0	0.005
ENST00000359125	219	873	7	0	0.73	0	0.01
ENST00000359125	220	873	8	0	0.723	0	0.005
ENST00000359125	221	873	8	0	0.729	0	0.005
ENST00000359125	222	873	8	0	0.738	0	0.004
ENST00000359125	223	873	11	0.091	0.745	0.122	0.002
ENST00000359125	224	873	12	0.083	0.734	0.114	0.001
ENST00000359125	225	873	11	0.091	0.738	0.123	0.003
ENST00000359125	226	873	12	0.083	0.738	0.113	0.001
ENST00000359125	227	873	12	0.083	0.733	0.114	0.001
ENST00000359125	228	873	13	0.077	0.726	0.106	0.001
ENST00000359125	229	873	13	0.077	0.733	0.105	0.001
ENST00000359125	230	873	14	0.071	0.733	0.097	0
ENST00000359125	231	873	14	0.071	0.734	0.097	0
ENST00000359125	232	873	15	0.067	0.733	0.091	0
ENST00000359125	233	873	15	0.067	0.741	0.09	0
ENST00000359125	234	873	16	0.062	0.728	0.086	0
ENST00000359125	235	873	16	0.062	0.721	0.087	0
ENST00000359125	236	873	16	0.062	0.73	0.086	0
ENST00000359125	237	873	17	0.059	0.737	0.08	0
ENST00000359125	238	873	17	0.059	0.737	0.08	0
ENST00000359125	239	873	17	0.059	0.743	0.079	0
ENST00000359125	240	873	17	0.059	0.75	0.078	0
ENST00000359125	241	873	18	0.056	0.75	0.074	0
ENST00000359125	242	873	19	0.053	0.751	0.07	0
ENST00000359125	243	873	19	0.053	0.758	0.069	0
ENST00000359125	244	873	19	0.105	0.758	0.139	0
ENST00000359125	245	873	19	0.105	0.758	0.139	0
ENST00000359125	246	873	19	0.105	0.759	0.139	0
ENST00000359125	247	873	19	0.105	0.76	0.138	0
ENST00000359125	248	873	19	0.105	0.764	0.138	0
ENST00000359125	249	873	20	0.1	0.77	0.13	0
ENST00000359125	250	873	21	0.095	0.77	0.124	0
ENST00000359125	251	873	20	0.1	0.777	0.129	0
ENST00000359125	252	873	20	0.1	0.768	0.13	0
ENST00000359125	253	873	21	0.095	0.762	0.125	0
ENST00000359125	254	873	18	0.056	0.768	0.072	0
ENST00000359125	255	873	17	0.059	0.777	0.076	0
ENST00000359125	256	873	17	0.059	0.77	0.076	0
ENST00000359125	257	873	16	0.062	0.766	0.082	0
ENST00000359125	258	873	17	0.059	0.763	0.077	0
ENST00000359125	259	873	17	0.059	0.763	0.077	0
ENST00000359125	260	873	16	0.062	0.756	0.083	0
ENST00000359125	261	873	15	0.067	0.759	0.088	0
ENST00000359125	262	873	15	0.067	0.759	0.088	0
ENST00000359125	263	873	16	0.125	0.764	0.164	0
ENST00000359125	264	873	15	0.133	0.757	0.176	0
ENST00000359125	265	873	15	0.133	0.766	0.174	0
ENST00000359125	266	873	15	0.2	0.766	0.261	0.002
ENST00000359125	267	873	15	0.2	0.768	0.26	0.002
ENST00000359125	268	873	15	0.2	0.772	0.259	0.001
ENST00000359125	269	873	14	0.214	0.777	0.276	0.003
ENST00000359125	270	873	15	0.2	0.771	0.26	0.002
ENST00000359125	271	873	15	0.2	0.771	0.26	0.002
ENST00000359125	272	873	16	0.188	0.771	0.243	0.001
ENST00000359125	273	873	15	0.2	0.774	0.259	0.001
ENST00000359125	274	873	15	0.2	0.774	0.259	0.001
ENST00000359125	275	873	14	0.143	0.766	0.186	0.001
ENST00000359125	276	873	15	0.133	0.762	0.175	0
ENST00000359125	277	873	15	0.133	0.755	0.177	0
ENST00000359125	278	873	15	0.133	0.747	0.178	0.001
ENST00000359125	279	873	16	0.125	0.747	0.167	0
ENST00000359125	280	873	15	0.133	0.742	0.18	0.001
ENST00000359125	281	873	16	0.188	0.742	0.253	0.002
ENST00000359125	282	873	17	0.176	0.742	0.238	0.001
ENST00000359125	283	873	17	0.176	0.742	0.238	0.001
ENST00000359125	284	873	18	0.167	0.742	0.225	0
ENST00000359125	285	873	19	0.158	0.736	0.215	0
ENST00000359125	286	873	20	0.15	0.727	0.206	0
ENST00000359125	287	873	20	0.15	0.727	0.206	0
ENST00000359125	288	873	20	0.15	0.731	0.205	0
ENST00000359125	289	873	20	0.15	0.734	0.204	0
ENST00000359125	290	873	20	0.15	0.742	0.202	0
ENST00000359125	291	873	23	0.13	0.745	0.175	0
ENST00000359125	292	873	25	0.12	0.742	0.162	0
ENST00000359125	293	873	25	0.12	0.742	0.162	0
ENST00000359125	294	873	25	0.12	0.738	0.163	0
ENST00000359125	295	873	25	0.12	0.738	0.163	0
ENST00000359125	296	873	24	0.125	0.736	0.17	0
ENST00000359125	297	873	23	0.087	0.739	0.118	0
ENST00000359125	298	873	23	0.087	0.732	0.119	0
ENST00000359125	299	873	22	0.091	0.725	0.125	0
ENST00000359125	300	873	22	0.091	0.72	0.126	0
ENST00000359125	301	873	21	0.095	0.727	0.131	0
ENST00000359125	302	873	21	0.095	0.721	0.132	0
ENST00000359125	303	873	19	0.105	0.717	0.147	0
ENST00000359125	304	873	19	0.105	0.715	0.147	0
ENST00000359125	305	873	18	0.111	0.708	0.157	0
ENST00000359125	306	873	18	0.111	0.714	0.156	0
ENST00000359125	307	873	17	0.118	0.716	0.164	0
ENST00000359125	308	873	17	0.118	0.723	0.163	0
ENST00000359125	309	873	17	0.118	0.73	0.161	0
ENST00000359125	310	873	16	0.125	0.734	0.17	0
ENST00000359125	311	873	16	0.125	0.74	0.169	0
ENST00000359125	312	873	14	0.071	0.746	0.096	0
ENST00000359125	313	873	13	0.077	0.746	0.103	0
ENST00000359125	314	873	13	0.077	0.754	0.102	0
ENST00000359125	315	873	11	0.091	0.76	0.12	0.002
ENST00000359125	316	873	10	0.1	0.763	0.131	0.004
ENST00000359125	317	873	9	0.111	0.767	0.145	0.007
ENST00000359125	318	873	10	0.2	0.763	0.262	0.017
ENST00000359125	319	873	11	0.182	0.77	0.236	0.007
ENST00000359125	320	873	12	0.167	0.763	0.218	0.004
ENST00000359125	321	873	11	0.182	0.756	0.241	0.01
ENST00000359125	322	873	8	0.25	0.756	0.331	0.073
ENST00000359125	323	873	7	0.429	0.759	0.564	0.294
ENST00000359125	324	873	7	0.429	0.756	0.567	0.301
ENST00000359125	325	873	6	0.333	0.759	0.439	0.216
ENST00000359125	326	873	6	0.333	0.766	0.435	0.207
ENST00000359125	327	873	7	0.429	0.761	0.563	0.29
ENST00000359125	328	873	9	0.333	0.758	0.44	0.11
ENST00000359125	329	873	9	0.333	0.768	0.434	0.099
ENST00000359125	330	873	9	0.333	0.771	0.433	0.095
ENST00000359125	331	873	9	0.333	0.778	0.428	0.087
ENST00000359125	332	873	10	0.3	0.777	0.386	0.048
ENST00000359125	333	873	11	0.273	0.777	0.351	0.025
ENST00000359125	334	873	11	0.273	0.78	0.35	0.023
ENST00000359125	335	873	13	0.308	0.781	0.394	0.02
ENST00000359125	336	873	13	0.308	0.781	0.394	0.02
ENST00000359125	337	873	16	0.312	0.774	0.404	0.01
ENST00000359125	338	873	16	0.312	0.767	0.407	0.012
ENST00000359125	339	873	17	0.294	0.76	0.387	0.007
ENST00000359125	340	873	18	0.278	0.76	0.365	0.004
ENST00000359125	341	873	18	0.278	0.753	0.369	0.005
ENST00000359125	342	873	19	0.263	0.754	0.349	0.002
ENST00000359125	343	873	19	0.263	0.747	0.352	0.003
ENST00000359125	344	873	19	0.263	0.74	0.356	0.004
ENST00000359125	345	873	19	0.263	0.742	0.355	0.003
ENST00000359125	346	873	19	0.263	0.742	0.355	0.003
ENST00000359125	347	873	20	0.25	0.741	0.338	0.002
ENST00000359125	348	873	21	0.238	0.742	0.321	0.001
ENST00000359125	349	873	20	0.2	0.753	0.266	0
ENST00000359125	350	873	19	0.211	0.74	0.284	0.001
ENST00000359125	351	873	19	0.211	0.74	0.284	0.001
ENST00000359125	352	873	20	0.25	0.74	0.338	0.002
ENST00000359125	353	873	24	0.333	0.74	0.45	0.005
ENST00000359125	354	873	23	0.304	0.74	0.411	0.003
ENST00000359125	355	873	24	0.333	0.744	0.448	0.004
ENST00000359125	356	873	24	0.375	0.752	0.499	0.01
ENST00000359125	357	873	25	0.4	0.751	0.533	0.015
ENST00000359125	358	873	24	0.375	0.76	0.494	0.008
ENST00000359125	359	873	25	0.4	0.759	0.527	0.012
ENST00000359125	360	873	26	0.423	0.756	0.56	0.018
ENST00000359125	361	873	26	0.423	0.753	0.562	0.02
ENST00000359125	362	873	26	0.423	0.752	0.563	0.02
ENST00000359125	363	873	27	0.481	0.746	0.645	0.067
ENST00000359125	364	873	28	0.5	0.752	0.665	0.074
ENST00000359125	365	873	30	0.5	0.752	0.665	0.061
ENST00000359125	366	873	28	0.5	0.744	0.672	0.103
ENST00000359125	367	873	28	0.5	0.744	0.672	0.103
ENST00000359125	368	873	25	0.52	0.748	0.695	0.161
ENST00000359125	369	873	25	0.52	0.748	0.695	0.161
ENST00000359125	370	873	24	0.542	0.752	0.72	0.206
ENST00000359125	371	873	25	0.6	0.744	0.806	0.382
ENST00000359125	372	873	29	0.621	0.748	0.83	0.419
ENST00000359125	373	873	29	0.621	0.737	0.843	0.511
ENST00000359125	374	873	30	0.6	0.744	0.806	0.352
ENST00000359125	375	873	30	0.6	0.751	0.799	0.345
ENST00000359125	376	873	31	0.581	0.738	0.787	0.296
ENST00000359125	377	873	32	0.562	0.738	0.763	0.242
ENST00000359125	378	873	31	0.581	0.728	0.797	0.311
ENST00000359125	379	873	30	0.6	0.719	0.834	0.453
ENST00000359125	380	873	31	0.581	0.716	0.81	0.383
ENST00000359125	381	873	32	0.594	0.729	0.815	0.382
ENST00000359125	382	873	30	0.633	0.729	0.869	0.616
ENST00000359125	383	873	30	0.6	0.735	0.816	0.367
ENST00000359125	384	873	27	0.593	0.743	0.798	0.331
ENST00000359125	385	873	27	0.593	0.749	0.791	0.318
ENST00000359125	386	873	27	0.556	0.749	0.742	0.194
ENST00000359125	387	873	26	0.538	0.737	0.731	0.242
ENST00000359125	388	873	27	0.481	0.731	0.658	0.103
ENST00000359125	389	873	28	0.5	0.724	0.691	0.159
ENST00000359125	390	873	25	0.52	0.732	0.71	0.181
ENST00000359125	391	873	25	0.52	0.73	0.713	0.185
ENST00000359125	392	873	25	0.52	0.736	0.706	0.175
ENST00000359125	393	873	26	0.538	0.737	0.731	0.195
ENST00000359125	394	873	24	0.5	0.737	0.678	0.158
ENST00000359125	395	873	24	0.5	0.732	0.683	0.163
ENST00000359125	396	873	24	0.5	0.732	0.683	0.163
ENST00000359125	397	873	24	0.5	0.738	0.678	0.157
ENST00000359125	398	873	26	0.5	0.738	0.678	0.13
ENST00000359125	399	873	26	0.5	0.735	0.68	0.133
ENST00000359125	400	873	26	0.5	0.735	0.68	0.133
ENST00000359125	401	873	27	0.481	0.739	0.652	0.076
ENST00000359125	402	873	25	0.44	0.745	0.59	0.049
ENST00000359125	403	873	23	0.435	0.745	0.583	0.044
ENST00000359125	404	873	24	0.458	0.756	0.606	0.047
ENST00000359125	405	873	25	0.48	0.749	0.641	0.077
ENST00000359125	406	873	25	0.48	0.749	0.641	0.077
ENST00000359125	407	873	24	0.5	0.756	0.662	0.101
ENST00000359125	408	873	23	0.522	0.749	0.697	0.195
ENST00000359125	409	873	24	0.542	0.753	0.72	0.205
ENST00000359125	410	873	25	0.52	0.753	0.691	0.124
ENST00000359125	411	873	24	0.542	0.756	0.717	0.202
ENST00000359125	412	873	24	0.5	0.747	0.669	0.113
ENST00000359125	413	873	25	0.52	0.754	0.69	0.122
ENST00000359125	414	873	24	0.542	0.754	0.719	0.204
ENST00000359125	415	873	25	0.52	0.746	0.697	0.163
ENST00000359125	416	873	26	0.538	0.739	0.729	0.192
ENST00000359125	417	873	29	0.586	0.739	0.793	0.344
ENST00000359125	418	873	29	0.586	0.74	0.792	0.343
ENST00000359125	419	873	28	0.643	0.747	0.86	0.505
ENST00000359125	420	873	27	0.63	0.754	0.835	0.478
ENST00000359125	421	873	27	0.63	0.753	0.836	0.479
ENST00000359125	422	873	27	0.63	0.749	0.841	0.483
ENST00000359125	423	873	28	0.643	0.75	0.857	0.499
ENST00000359125	424	873	27	0.63	0.745	0.845	0.488
ENST00000359125	425	873	27	0.63	0.752	0.837	0.48
ENST00000359125	426	873	26	0.654	0.759	0.861	0.561
ENST00000359125	427	873	25	0.68	0.759	0.895	0.661
ENST00000359125	428	873	25	0.68	0.753	0.903	0.671
ENST00000359125	429	873	23	0.696	0.76	0.915	0.754
ENST00000359125	430	873	25	0.68	0.76	0.894	0.66
ENST00000359125	431	873	25	0.68	0.768	0.886	0.652
ENST00000359125	432	873	25	0.72	0.76	0.947	0.874
ENST00000359125	433	873	26	0.692	0.749	0.924	0.778
ENST00000359125	434	873	27	0.63	0.749	0.841	0.483
ENST00000359125	435	873	26	0.654	0.742	0.882	0.675
ENST00000359125	436	873	25	0.68	0.742	0.917	0.774
ENST00000359125	437	873	25	0.68	0.735	0.925	0.78
ENST00000359125	438	873	25	0.68	0.739	0.92	0.777
ENST00000359125	439	873	25	0.68	0.739	0.92	0.777
ENST00000359125	440	873	24	0.667	0.745	0.894	0.664
ENST00000359125	441	873	27	0.704	0.749	0.939	0.881
ENST00000359125	442	873	29	0.69	0.743	0.929	0.795
ENST00000359125	443	873	31	0.71	0.743	0.955	0.891
ENST00000359125	444	873	30	0.7	0.743	0.942	0.804
ENST00000359125	445	873	32	0.719	0.737	0.975	0.965
ENST00000359125	446	873	31	0.742	0.743	0.998	1
ENST00000359125	447	873	30	0.733	0.744	0.985	0.965
ENST00000359125	448	873	27	0.741	0.744	0.995	1
ENST00000359125	449	873	29	0.759	0.748	1.014	1
ENST00000359125	450	873	31	0.742	0.737	1.007	1
ENST00000359125	451	873	32	0.719	0.729	0.986	0.965
ENST00000359125	452	873	32	0.719	0.722	0.995	1
ENST00000359125	453	873	32	0.688	0.73	0.942	0.816
ENST00000359125	454	873	34	0.647	0.722	0.896	0.651
ENST00000359125	455	873	35	0.657	0.727	0.904	0.656
ENST00000359125	456	873	36	0.639	0.727	0.879	0.574
ENST00000359125	457	873	36	0.639	0.727	0.879	0.574
ENST00000359125	458	873	36	0.611	0.727	0.841	0.421
ENST00000359125	459	873	38	0.605	0.733	0.825	0.361
ENST00000359125	460	873	38	0.605	0.733	0.825	0.361
ENST00000359125	461	873	36	0.611	0.741	0.825	0.342
ENST00000359125	462	873	36	0.611	0.733	0.833	0.413
ENST00000359125	463	873	37	0.622	0.741	0.839	0.416
ENST00000359125	464	873	36	0.639	0.752	0.85	0.405
ENST00000359125	465	873	34	0.647	0.752	0.861	0.464
ENST00000359125	466	873	33	0.636	0.752	0.846	0.451
ENST00000359125	467	873	33	0.606	0.758	0.799	0.297
ENST00000359125	468	873	33	0.606	0.766	0.791	0.234
ENST00000359125	469	873	33	0.606	0.769	0.788	0.228
ENST00000359125	470	873	34	0.618	0.776	0.796	0.23
ENST00000359125	471	873	35	0.6	0.777	0.772	0.181
ENST00000359125	472	873	32	0.594	0.777	0.764	0.163
ENST00000359125	473	873	30	0.6	0.784	0.765	0.183
ENST00000359125	474	873	30	0.6	0.784	0.765	0.183
ENST00000359125	475	873	31	0.581	0.785	0.74	0.14
ENST00000359125	476	873	30	0.567	0.781	0.725	0.104
ENST00000359125	477	873	29	0.552	0.775	0.712	0.1
ENST00000359125	478	873	32	0.594	0.775	0.766	0.168
ENST00000359125	479	873	32	0.594	0.781	0.76	0.155
ENST00000359125	480	873	31	0.581	0.778	0.747	0.148
ENST00000359125	481	873	29	0.586	0.789	0.743	0.131
ENST00000359125	482	873	31	0.613	0.79	0.775	0.187
ENST00000359125	483	873	31	0.613	0.794	0.772	0.182
ENST00000359125	484	873	31	0.645	0.793	0.813	0.313
ENST00000359125	485	873	28	0.679	0.793	0.855	0.454
ENST00000359125	486	873	30	0.633	0.786	0.806	0.311
ENST00000359125	487	873	32	0.656	0.779	0.842	0.417
ENST00000359125	488	873	31	0.645	0.77	0.837	0.417
ENST00000359125	489	873	32	0.656	0.767	0.856	0.438
ENST00000359125	490	873	30	0.667	0.767	0.87	0.505
ENST00000359125	491	873	33	0.697	0.767	0.909	0.709
ENST00000359125	492	873	33	0.697	0.757	0.92	0.716
ENST00000359125	493	873	34	0.706	0.764	0.924	0.718
ENST00000359125	494	873	34	0.676	0.763	0.886	0.542
ENST00000359125	495	873	34	0.676	0.757	0.894	0.628
ENST00000359125	496	873	34	0.676	0.764	0.885	0.54
ENST00000359125	497	873	36	0.639	0.764	0.836	0.388
ENST00000359125	498	873	36	0.639	0.757	0.843	0.395
ENST00000359125	499	873	38	0.632	0.749	0.843	0.418
ENST00000359125	500	873	40	0.65	0.746	0.871	0.509
ENST00000359125	501	873	40	0.65	0.746	0.871	0.509
ENST00000359125	502	873	41	0.683	0.743	0.92	0.681
ENST00000359125	503	873	40	0.675	0.743	0.909	0.672
ENST00000359125	504	873	40	0.675	0.743	0.909	0.672
ENST00000359125	505	873	40	0.675	0.75	0.9	0.589
ENST00000359125	506	873	39	0.692	0.749	0.924	0.748
ENST00000359125	507	873	38	0.684	0.76	0.9	0.572
ENST00000359125	508	873	38	0.684	0.767	0.892	0.561
ENST00000359125	509	873	36	0.639	0.767	0.833	0.323
ENST00000359125	510	873	37	0.622	0.767	0.811	0.263
ENST00000359125	511	873	37	0.622	0.774	0.804	0.255
ENST00000359125	512	873	37	0.622	0.774	0.804	0.255
ENST00000359125	513	873	34	0.618	0.774	0.798	0.235
ENST00000359125	514	873	37	0.622	0.77	0.807	0.259
ENST00000359125	515	873	38	0.632	0.77	0.82	0.271
ENST00000359125	516	873	38	0.632	0.777	0.812	0.26
ENST00000359125	517	873	35	0.657	0.774	0.849	0.378
ENST00000359125	518	873	32	0.656	0.774	0.848	0.425
ENST00000359125	519	873	34	0.647	0.775	0.835	0.362
ENST00000359125	520	873	33	0.636	0.779	0.817	0.284
ENST00000359125	521	873	33	0.636	0.772	0.824	0.355
ENST00000359125	522	873	31	0.613	0.772	0.794	0.266
ENST00000359125	523	873	32	0.625	0.773	0.808	0.279
ENST00000359125	524	873	31	0.613	0.774	0.792	0.263
ENST00000359125	525	873	29	0.621	0.771	0.805	0.317
ENST00000359125	526	873	29	0.621	0.774	0.802	0.313
ENST00000359125	527	873	30	0.6	0.767	0.783	0.26
ENST00000359125	528	873	29	0.655	0.767	0.855	0.489
ENST00000359125	529	873	30	0.667	0.773	0.862	0.493
ENST00000359125	530	873	30	0.667	0.774	0.861	0.492
ENST00000359125	531	873	28	0.643	0.779	0.826	0.379
ENST00000359125	532	873	29	0.621	0.768	0.809	0.322
ENST00000359125	533	873	28	0.571	0.771	0.741	0.175
ENST00000359125	534	873	29	0.552	0.768	0.719	0.137
ENST00000359125	535	873	30	0.567	0.76	0.745	0.162
ENST00000359125	536	873	27	0.556	0.753	0.738	0.187
ENST00000359125	537	873	27	0.556	0.753	0.738	0.187
ENST00000359125	538	873	28	0.571	0.742	0.77	0.265
ENST00000359125	539	873	28	0.571	0.742	0.77	0.265
ENST00000359125	540	873	28	0.571	0.749	0.763	0.255
ENST00000359125	541	873	27	0.593	0.749	0.791	0.318
ENST00000359125	542	873	27	0.556	0.749	0.742	0.194
ENST00000359125	543	873	26	0.538	0.749	0.719	0.175
ENST00000359125	544	873	27	0.519	0.745	0.696	0.136
ENST00000359125	545	873	26	0.462	0.742	0.622	0.06
ENST00000359125	546	873	24	0.417	0.735	0.567	0.046
ENST00000359125	547	873	25	0.4	0.733	0.545	0.023
ENST00000359125	548	873	26	0.385	0.744	0.517	0.01
ENST00000359125	549	873	27	0.407	0.744	0.547	0.015
ENST00000359125	550	873	25	0.4	0.756	0.529	0.013
ENST00000359125	551	873	25	0.4	0.763	0.524	0.01
ENST00000359125	552	873	25	0.4	0.763	0.524	0.01
ENST00000359125	553	873	25	0.36	0.76	0.474	0.004
ENST00000359125	554	873	25	0.36	0.767	0.47	0.003
ENST00000359125	555	873	25	0.36	0.766	0.47	0.003
ENST00000359125	556	873	26	0.346	0.768	0.451	0.002
ENST00000359125	557	873	27	0.333	0.763	0.437	0.001
ENST00000359125	558	873	27	0.333	0.763	0.437	0.001
ENST00000359125	559	873	26	0.308	0.763	0.403	0.001
ENST00000359125	560	873	25	0.28	0.764	0.366	0
ENST00000359125	561	873	24	0.25	0.76	0.329	0
ENST00000359125	562	873	24	0.25	0.757	0.33	0
ENST00000359125	563	873	22	0.227	0.772	0.295	0
ENST00000359125	564	873	21	0.238	0.76	0.313	0
ENST00000359125	565	873	20	0.25	0.764	0.327	0.001
ENST00000359125	566	873	21	0.19	0.759	0.251	0
ENST00000359125	567	873	21	0.19	0.763	0.25	0
ENST00000359125	568	873	21	0.19	0.763	0.25	0
ENST00000359125	569	873	20	0.15	0.774	0.194	0
ENST00000359125	570	873	20	0.15	0.764	0.196	0
ENST00000359125	571	873	20	0.2	0.763	0.262	0
ENST00000359125	572	873	19	0.158	0.757	0.209	0
ENST00000359125	573	873	18	0.167	0.753	0.221	0
ENST00000359125	574	873	18	0.167	0.745	0.224	0
ENST00000359125	575	873	17	0.176	0.757	0.233	0
ENST00000359125	576	873	15	0.2	0.767	0.261	0.002
ENST00000359125	577	873	17	0.235	0.771	0.305	0.001
ENST00000359125	578	873	18	0.333	0.765	0.436	0.011
ENST00000359125	579	873	17	0.353	0.757	0.466	0.024
ENST00000359125	580	873	17	0.353	0.754	0.468	0.025
ENST00000359125	581	873	17	0.353	0.743	0.475	0.032
ENST00000359125	582	873	17	0.412	0.735	0.56	0.084
ENST00000359125	583	873	21	0.429	0.735	0.583	0.079
ENST00000359125	584	873	21	0.476	0.735	0.648	0.13
ENST00000359125	585	873	24	0.458	0.729	0.629	0.085
ENST00000359125	586	873	25	0.48	0.73	0.658	0.125
ENST00000359125	587	873	24	0.5	0.731	0.684	0.164
ENST00000359125	588	873	23	0.522	0.74	0.705	0.203
ENST00000359125	589	873	25	0.6	0.74	0.811	0.39
ENST00000359125	590	873	27	0.63	0.74	0.851	0.498
ENST00000359125	591	873	26	0.654	0.739	0.885	0.677
ENST00000359125	592	873	27	0.667	0.743	0.898	0.685
ENST00000359125	593	873	30	0.633	0.735	0.861	0.526
ENST00000359125	594	873	31	0.613	0.724	0.846	0.462
ENST00000359125	595	873	33	0.606	0.734	0.825	0.388
ENST00000359125	596	873	37	0.622	0.734	0.847	0.424
ENST00000359125	597	873	36	0.667	0.745	0.894	0.648
ENST00000359125	598	873	36	0.667	0.738	0.903	0.654
ENST00000359125	599	873	37	0.649	0.732	0.887	0.58
ENST00000359125	600	873	37	0.649	0.731	0.888	0.581
ENST00000359125	601	873	38	0.658	0.742	0.887	0.578
ENST00000359125	602	873	38	0.658	0.735	0.895	0.587
ENST00000359125	603	873	38	0.658	0.743	0.886	0.577
ENST00000359125	604	873	39	0.667	0.751	0.888	0.578
ENST00000359125	605	873	40	0.675	0.762	0.886	0.503
ENST00000359125	606	873	40	0.675	0.754	0.896	0.584
ENST00000359125	607	873	43	0.651	0.744	0.876	0.463
ENST00000359125	608	873	43	0.628	0.74	0.849	0.392
ENST00000359125	609	873	43	0.628	0.74	0.849	0.392
ENST00000359125	610	873	44	0.636	0.746	0.853	0.394
ENST00000359125	611	873	44	0.636	0.75	0.848	0.337
ENST00000359125	612	873	44	0.636	0.756	0.841	0.324
ENST00000359125	613	873	43	0.628	0.763	0.823	0.257
ENST00000359125	614	873	39	0.641	0.77	0.833	0.337
ENST00000359125	615	873	38	0.632	0.766	0.825	0.28
ENST00000359125	616	873	34	0.647	0.769	0.842	0.373
ENST00000359125	617	873	33	0.636	0.761	0.836	0.371
ENST00000359125	618	873	34	0.647	0.766	0.845	0.379
ENST00000359125	619	873	36	0.639	0.765	0.835	0.327
ENST00000359125	620	873	32	0.625	0.772	0.81	0.282
ENST00000359125	621	873	31	0.581	0.778	0.746	0.147
ENST00000359125	622	873	31	0.581	0.768	0.756	0.165
ENST00000359125	623	873	30	0.567	0.775	0.731	0.14
ENST00000359125	624	873	28	0.571	0.783	0.73	0.125
ENST00000359125	625	873	27	0.593	0.779	0.761	0.217
ENST00000359125	626	873	26	0.615	0.772	0.797	0.295
ENST00000359125	627	873	22	0.591	0.78	0.758	0.239
ENST00000359125	628	873	23	0.565	0.777	0.727	0.179
ENST00000359125	629	873	23	0.565	0.787	0.719	0.162
ENST00000359125	630	873	25	0.64	0.798	0.802	0.321
ENST00000359125	631	873	28	0.643	0.798	0.806	0.279
ENST00000359125	632	873	29	0.655	0.787	0.833	0.381
ENST00000359125	633	873	29	0.655	0.798	0.821	0.299
ENST00000359125	634	873	31	0.677	0.79	0.857	0.407
ENST00000359125	635	873	31	0.645	0.783	0.824	0.327
ENST00000359125	636	873	31	0.645	0.772	0.836	0.415
ENST00000359125	637	873	35	0.657	0.772	0.851	0.381
ENST00000359125	638	873	34	0.676	0.776	0.872	0.524
ENST00000359125	639	873	32	0.719	0.783	0.918	0.694
ENST00000359125	640	873	31	0.677	0.783	0.865	0.492
ENST00000359125	641	873	33	0.667	0.783	0.852	0.424
ENST00000359125	642	873	33	0.667	0.783	0.852	0.424
ENST00000359125	643	873	36	0.694	0.782	0.888	0.535
ENST00000359125	644	873	38	0.684	0.783	0.874	0.464
ENST00000359125	645	873	38	0.684	0.776	0.882	0.476
ENST00000359125	646	873	38	0.684	0.776	0.882	0.476
ENST00000359125	647	873	38	0.684	0.78	0.877	0.469
ENST00000359125	648	873	39	0.692	0.787	0.88	0.469
ENST00000359125	649	873	42	0.667	0.775	0.86	0.363
ENST00000359125	650	873	40	0.675	0.775	0.871	0.417
ENST00000359125	651	873	42	0.667	0.769	0.867	0.431
ENST00000359125	652	873	42	0.667	0.762	0.875	0.443
ENST00000359125	653	873	44	0.659	0.766	0.861	0.38
ENST00000359125	654	873	46	0.652	0.758	0.86	0.397
ENST00000359125	655	873	46	0.652	0.757	0.862	0.399
ENST00000359125	656	873	46	0.652	0.768	0.849	0.327
ENST00000359125	657	873	45	0.644	0.775	0.831	0.258
ENST00000359125	658	873	47	0.638	0.768	0.831	0.276
ENST00000359125	659	873	45	0.644	0.771	0.836	0.266
ENST00000359125	660	873	48	0.667	0.772	0.863	0.341
ENST00000359125	661	873	45	0.644	0.769	0.838	0.271
ENST00000359125	662	873	46	0.63	0.758	0.831	0.279
ENST00000359125	663	873	44	0.614	0.769	0.798	0.168
ENST00000359125	664	873	45	0.6	0.765	0.784	0.138
ENST00000359125	665	873	45	0.556	0.765	0.726	0.055
ENST00000359125	666	873	44	0.568	0.769	0.739	0.07
ENST00000359125	667	873	43	0.558	0.772	0.723	0.048
ENST00000359125	668	873	43	0.558	0.78	0.716	0.041
ENST00000359125	669	873	44	0.545	0.78	0.699	0.029
ENST00000359125	670	873	44	0.545	0.78	0.699	0.029
ENST00000359125	671	873	44	0.568	0.784	0.725	0.043
ENST00000359125	672	873	41	0.561	0.777	0.722	0.054
ENST00000359125	673	873	41	0.537	0.784	0.685	0.022
ENST00000359125	674	873	41	0.512	0.781	0.655	0.013
ENST00000359125	675	873	40	0.525	0.774	0.678	0.024
ENST00000359125	676	873	43	0.558	0.774	0.721	0.046
ENST00000359125	677	873	43	0.558	0.774	0.721	0.046
ENST00000359125	678	873	43	0.558	0.775	0.72	0.045
ENST00000359125	679	873	43	0.558	0.776	0.719	0.045
ENST00000359125	680	873	39	0.564	0.776	0.727	0.068
ENST00000359125	681	873	41	0.561	0.769	0.729	0.079
ENST00000359125	682	873	41	0.585	0.769	0.761	0.111
ENST00000359125	683	873	40	0.6	0.776	0.773	0.134
ENST00000359125	684	873	39	0.615	0.782	0.787	0.162
ENST00000359125	685	873	37	0.649	0.79	0.821	0.247
ENST00000359125	686	873	37	0.649	0.791	0.82	0.243
ENST00000359125	687	873	39	0.641	0.783	0.819	0.262
ENST00000359125	688	873	42	0.619	0.776	0.798	0.186
ENST00000359125	689	873	42	0.643	0.776	0.829	0.292
ENST00000359125	690	873	46	0.63	0.769	0.82	0.22
ENST00000359125	691	873	44	0.591	0.762	0.776	0.132
ENST00000359125	692	873	48	0.604	0.755	0.801	0.166
ENST00000359125	693	873	46	0.609	0.758	0.803	0.186
ENST00000359125	694	873	47	0.596	0.752	0.792	0.159
ENST00000359125	695	873	45	0.6	0.745	0.806	0.233
ENST00000359125	696	873	44	0.614	0.751	0.817	0.271
ENST00000359125	697	873	44	0.614	0.75	0.818	0.272
ENST00000359125	698	873	48	0.604	0.746	0.81	0.208
ENST00000359125	699	873	45	0.6	0.739	0.812	0.241
ENST00000359125	700	873	42	0.619	0.739	0.838	0.331
ENST00000359125	701	873	42	0.619	0.733	0.845	0.391
ENST00000359125	702	873	42	0.595	0.729	0.817	0.281
ENST00000359125	703	873	42	0.595	0.738	0.807	0.267
ENST00000359125	704	873	42	0.595	0.738	0.807	0.267
ENST00000359125	705	873	39	0.59	0.734	0.803	0.256
ENST00000359125	706	873	38	0.579	0.741	0.782	0.236
ENST00000359125	707	873	36	0.556	0.748	0.743	0.13
ENST00000359125	708	873	36	0.556	0.756	0.735	0.12
ENST00000359125	709	873	39	0.564	0.748	0.754	0.146
ENST00000359125	710	873	41	0.585	0.741	0.79	0.211
ENST00000359125	711	873	41	0.585	0.747	0.783	0.203
ENST00000359125	712	873	40	0.6	0.747	0.803	0.248
ENST00000359125	713	873	40	0.575	0.755	0.762	0.148
ENST00000359125	714	873	42	0.571	0.748	0.764	0.132
ENST00000359125	715	873	42	0.548	0.742	0.738	0.102
ENST00000359125	716	873	41	0.537	0.734	0.731	0.101
ENST00000359125	717	873	43	0.558	0.727	0.768	0.154
ENST00000359125	718	873	42	0.571	0.728	0.785	0.224
ENST00000359125	719	873	39	0.59	0.728	0.81	0.31
ENST00000359125	720	873	39	0.59	0.735	0.802	0.254
ENST00000359125	721	873	37	0.595	0.743	0.801	0.282
ENST00000359125	722	873	37	0.622	0.743	0.837	0.415
ENST00000359125	723	873	33	0.606	0.743	0.816	0.38
ENST00000359125	724	873	31	0.613	0.739	0.829	0.443
ENST00000359125	725	873	31	0.645	0.739	0.873	0.537
ENST00000359125	726	873	33	0.667	0.739	0.902	0.639
ENST00000359125	727	873	33	0.667	0.736	0.905	0.724
ENST00000359125	728	873	36	0.639	0.73	0.875	0.571
ENST00000359125	729	873	35	0.629	0.73	0.861	0.488
ENST00000359125	730	873	35	0.6	0.73	0.822	0.346
ENST00000359125	731	873	37	0.595	0.73	0.815	0.355
ENST00000359125	732	873	38	0.605	0.73	0.829	0.365
ENST00000359125	733	873	39	0.615	0.737	0.835	0.368
ENST00000359125	734	873	40	0.6	0.735	0.817	0.313
ENST00000359125	735	873	42	0.619	0.725	0.854	0.463
ENST00000359125	736	873	44	0.614	0.724	0.848	0.411
ENST00000359125	737	873	44	0.614	0.714	0.86	0.483
ENST00000359125	738	873	45	0.6	0.707	0.849	0.429
ENST00000359125	739	873	47	0.596	0.699	0.852	0.445
ENST00000359125	740	873	46	0.587	0.704	0.833	0.374
ENST00000359125	741	873	45	0.556	0.704	0.789	0.219
ENST00000359125	742	873	47	0.574	0.698	0.823	0.328
ENST00000359125	743	873	46	0.565	0.698	0.81	0.275
ENST00000359125	744	873	45	0.578	0.698	0.828	0.372
ENST00000359125	745	873	47	0.596	0.698	0.853	0.446
ENST00000359125	746	873	49	0.633	0.698	0.906	0.659
ENST00000359125	747	873	50	0.62	0.705	0.879	0.524
ENST00000359125	748	873	47	0.617	0.716	0.861	0.437
ENST00000359125	749	873	46	0.609	0.723	0.842	0.365
ENST00000359125	750	873	48	0.604	0.73	0.828	0.314
ENST00000359125	751	873	46	0.587	0.719	0.816	0.264
ENST00000359125	752	873	46	0.609	0.708	0.86	0.438
ENST00000359125	753	873	45	0.6	0.714	0.84	0.366
ENST00000359125	754	873	45	0.6	0.721	0.833	0.358
ENST00000359125	755	873	46	0.609	0.732	0.832	0.305
ENST00000359125	756	873	47	0.596	0.732	0.814	0.256
ENST00000359125	757	873	50	0.56	0.732	0.765	0.119
ENST00000359125	758	873	51	0.588	0.728	0.808	0.235
ENST00000359125	759	873	50	0.6	0.734	0.817	0.229
ENST00000359125	760	873	47	0.617	0.738	0.836	0.306
ENST00000359125	761	873	49	0.633	0.738	0.857	0.374
ENST00000359125	762	873	51	0.647	0.738	0.877	0.446
ENST00000359125	763	873	53	0.642	0.744	0.862	0.388
ENST00000359125	764	873	54	0.667	0.737	0.905	0.592
ENST00000359125	765	873	54	0.685	0.738	0.928	0.665
ENST00000359125	766	873	53	0.679	0.738	0.92	0.658
ENST00000359125	767	873	55	0.673	0.735	0.915	0.601
ENST00000359125	768	873	55	0.673	0.746	0.901	0.526
ENST00000359125	769	873	54	0.667	0.754	0.885	0.45
ENST00000359125	770	873	53	0.679	0.761	0.893	0.502
ENST00000359125	771	873	52	0.673	0.755	0.891	0.501
ENST00000359125	772	873	50	0.68	0.755	0.9	0.561
ENST00000359125	773	873	48	0.667	0.759	0.878	0.418
ENST00000359125	774	873	49	0.673	0.759	0.887	0.483
ENST00000359125	775	873	49	0.653	0.755	0.864	0.364
ENST00000359125	776	873	47	0.638	0.755	0.845	0.344
ENST00000359125	777	873	45	0.6	0.755	0.794	0.18
ENST00000359125	778	873	46	0.63	0.748	0.843	0.344
ENST00000359125	779	873	46	0.63	0.745	0.847	0.349
ENST00000359125	780	873	48	0.625	0.745	0.838	0.304
ENST00000359125	781	873	47	0.617	0.745	0.829	0.297
ENST00000359125	782	873	47	0.617	0.755	0.818	0.238
ENST00000359125	783	873	46	0.587	0.755	0.778	0.147
ENST00000359125	784	873	46	0.587	0.755	0.778	0.147
ENST00000359125	785	873	48	0.604	0.748	0.808	0.205
ENST00000359125	786	873	47	0.596	0.741	0.804	0.206
ENST00000359125	787	873	45	0.6	0.748	0.802	0.193
ENST00000359125	788	873	41	0.61	0.755	0.807	0.247
ENST00000359125	789	873	40	0.6	0.755	0.794	0.197
ENST00000359125	790	873	38	0.605	0.756	0.8	0.229
ENST00000359125	791	873	38	0.605	0.76	0.796	0.223
ENST00000359125	792	873	36	0.583	0.764	0.764	0.156
ENST00000359125	793	873	32	0.562	0.764	0.737	0.129
ENST00000359125	794	873	30	0.567	0.764	0.742	0.155
ENST00000359125	795	873	28	0.536	0.764	0.702	0.131
ENST00000359125	796	873	28	0.536	0.763	0.702	0.132
ENST00000359125	797	873	26	0.538	0.773	0.697	0.109
ENST00000359125	798	873	23	0.565	0.784	0.721	0.166
ENST00000359125	799	873	23	0.565	0.773	0.731	0.187
ENST00000359125	800	873	23	0.609	0.773	0.788	0.325
ENST00000359125	801	873	22	0.591	0.766	0.772	0.317
ENST00000359125	802	873	21	0.619	0.766	0.809	0.404
ENST00000359125	803	873	22	0.591	0.773	0.765	0.309
ENST00000359125	804	873	23	0.609	0.777	0.784	0.32
ENST00000359125	805	873	22	0.591	0.783	0.755	0.231
ENST00000359125	806	873	22	0.591	0.785	0.753	0.226
ENST00000359125	807	873	25	0.64	0.785	0.815	0.345
ENST00000359125	808	873	25	0.64	0.785	0.815	0.345
ENST00000359125	809	873	25	0.64	0.785	0.815	0.345
ENST00000359125	810	873	25	0.64	0.778	0.823	0.436
ENST00000359125	811	873	23	0.652	0.77	0.847	0.522
ENST00000359125	812	873	23	0.652	0.77	0.847	0.522
ENST00000359125	813	873	24	0.667	0.764	0.873	0.645
ENST00000359125	814	873	24	0.708	0.774	0.915	0.752
ENST00000359125	815	873	26	0.692	0.768	0.902	0.665
ENST00000359125	816	873	24	0.667	0.771	0.864	0.538
ENST00000359125	817	873	26	0.654	0.771	0.848	0.46
ENST00000359125	818	873	27	0.63	0.77	0.818	0.378
ENST00000359125	819	873	26	0.654	0.766	0.854	0.471
ENST00000359125	820	873	27	0.63	0.766	0.822	0.383
ENST00000359125	821	873	28	0.643	0.765	0.84	0.479
ENST00000359125	822	873	28	0.643	0.757	0.85	0.488
ENST00000359125	823	873	27	0.667	0.759	0.878	0.576
ENST00000359125	824	873	27	0.667	0.758	0.88	0.579
ENST00000359125	825	873	26	0.654	0.758	0.862	0.562
ENST00000359125	826	873	26	0.615	0.758	0.811	0.378
ENST00000359125	827	873	27	0.593	0.759	0.78	0.305
ENST00000359125	828	873	29	0.552	0.753	0.733	0.157
ENST00000359125	829	873	30	0.533	0.753	0.708	0.117
ENST00000359125	830	873	31	0.516	0.757	0.682	0.085
ENST00000359125	831	873	31	0.516	0.756	0.683	0.085
ENST00000359125	832	873	32	0.531	0.756	0.703	0.094
ENST00000359125	833	873	35	0.514	0.756	0.681	0.057
ENST00000359125	834	873	37	0.541	0.755	0.716	0.094
ENST00000359125	835	873	39	0.564	0.747	0.755	0.147
ENST00000359125	836	873	40	0.575	0.741	0.776	0.201
ENST00000359125	837	873	42	0.595	0.735	0.81	0.27
ENST00000359125	838	873	37	0.568	0.735	0.772	0.191
ENST00000359125	839	873	37	0.595	0.735	0.809	0.293
ENST00000359125	840	873	37	0.568	0.734	0.773	0.193
ENST00000359125	841	873	38	0.579	0.734	0.789	0.242
ENST00000359125	842	873	40	0.575	0.734	0.783	0.209
ENST00000359125	843	873	41	0.585	0.728	0.805	0.269
ENST00000359125	844	873	40	0.575	0.734	0.783	0.209
ENST00000359125	845	873	40	0.575	0.728	0.79	0.261
ENST00000359125	846	873	38	0.579	0.728	0.796	0.253
ENST00000359125	847	873	39	0.564	0.731	0.771	0.201
ENST00000359125	848	873	37	0.568	0.731	0.776	0.234
ENST00000359125	849	873	37	0.568	0.733	0.774	0.233
ENST00000359125	850	873	39	0.59	0.73	0.808	0.308
ENST00000359125	851	873	37	0.595	0.73	0.815	0.355
ENST00000359125	852	873	36	0.583	0.732	0.797	0.283
ENST00000359125	853	873	38	0.579	0.733	0.789	0.243
ENST00000359125	854	873	39	0.59	0.727	0.811	0.311
ENST00000359125	855	873	39	0.59	0.729	0.809	0.309
ENST00000359125	856	873	40	0.6	0.725	0.827	0.327
ENST00000359125	857	873	41	0.61	0.732	0.833	0.384
ENST00000359125	858	873	39	0.615	0.726	0.847	0.443
ENST00000359125	859	873	37	0.649	0.728	0.891	0.585
ENST00000359125	860	873	35	0.657	0.722	0.91	0.741
ENST00000359125	861	873	34	0.676	0.725	0.934	0.822
ENST00000359125	862	873	33	0.667	0.719	0.927	0.819
ENST00000359125	863	873	32	0.656	0.721	0.91	0.726
ENST00000359125	864	873	29	0.69	0.724	0.953	0.89
ENST00000359125	865	873	26	0.692	0.718	0.964	0.965
ENST00000359125	866	873	23	0.652	0.72	0.906	0.77
ENST00000359125	867	873	22	0.636	0.723	0.88	0.658
ENST00000359125	868	873	19	0.632	0.726	0.87	0.733
ENST00000359125	869	873	19	0.632	0.729	0.866	0.627
ENST00000359125	870	873	18	0.611	0.732	0.834	0.599
ENST00000359125	871	873	16	0.625	0.738	0.847	0.694
ENST00000359125	872	873	15	0.6	0.743	0.808	0.549
ENST00000359125	873	873	13	0.615	0.748	0.823	0.646
